numero,GPU Manhattan,GPU Euclidean,CPU Manhattan
33M,19.311601767594528,1.423444716203178,18.28581538687103
66M,19.522936026635357,1.4550517246720263,19.586994343040473
100M,19.859458034299426,1.3145667488743336,20.222841643043736
134M,19.84510724211761,1.3555739238315891,20.21135479333113
168M,20.551838812594863,1.3066510062390428,20.499714522035166
202M,18.004291909043893,1.404377729627218,19.515738296147372
236M,19.091169463493394,1.3586590851054132,21.05831786922454
270M,19.296696598148742,1.3495856111560725,19.376742777395112
